1H-13C HMBC NSN Honey Sample			
Peak	(F2) [ppm]	(F1) [ppm]	Intensity [abs]
1	5.316	72.9049	-660972262.50
2	3.7242	66.461	-661676483.80
3	3.9194	54.4547	-667085318.50
4	5.3392	72.7196	-674566175.50
5	3.7977	59.4763	-675472057.10
6	4.0996	70.8916	-676496885.50
7	3.6399	59.4285	677816761.50
8	3.4803	53.3854	-681104122.00
9	3.8269	71.0624	682643395.00
10	3.7278	92.0295	682771134.00
11	3.6761	63.0997	-683385329.00
12	3.3806	61.1032	-684043283.00
13	4.8805	71.6915	-684900326.50
14	3.311	63.6401	-686162181.50
15	3.4383	70.5817	-686561008.00
16	3.7431	60.7376	686654260.00
17	3.3831	59.9841	687793752.00
18	3.3972	94.7941	-688788106.00
19	3.4939	84.7242	-689914854.00
20	3.6371	49.8312	-691678341.00
21	3.5025	87.3311	691706125.50
22	3.4098	63.5573	694401687.00
23	3.5628	70.8019	694859345.50
24	3.9557	84.0716	695665468.00
25	5.1745	78.1567	696475507.50
26	4.0355	79.1928	696506783.50
27	3.7144	101.215	697878445.00
28	3.6925	76.5892	-697981270.50
29	3.9224	56.1512	700618056.00
30	3.1546	97.3867	-700714383.00
31	3.6925	78.2693	-701250121.50
32	3.7628	74.0142	-702506660.00
33	3.13	68.6012	-703132035.00
34	3.4764	60.8034	-703394450.00
35	3.9157	84.9697	-703492358.00
36	3.9029	76.3474	704101773.00
37	3.4641	58.9825	705459682.00
38	3.7022	96.6266	-707153535.50
39	3.5474	74.2355	-707540734.00
40	3.4759	62.473	707756345.30
41	3.624	49.3937	709618675.00
42	3.4869	84.3292	709688949.50
43	3.8404	97.8075	710312761.50
44	3.4803	103.6457	-710606591.00
45	3.6176	94.3457	-711559281.80
46	3.6304	73.5938	-711801878.50
47	4.8561	71.694	-715363875.50
48	3.6785	76.8722	715481129.00
49	5.2979	71.828	716167806.00
50	3.773	73.3707	716650871.00
51	3.9598	60.7623	719869453.30
52	3.4996	78.1983	720409972.00
53	3.8659	69.0819	720465394.30
54	3.4992	54.9393	720481950.00
55	4.0407	80.8647	721348321.00
56	3.6561	67.7321	-721402617.80
57	3.7189	92.0442	721873231.50
58	3.6601	104.2254	-722031353.00
59	4.0457	73.1516	722879122.00
60	3.4858	88.6138	-727423445.00
61	4.1523	75.1006	728044869.50
62	3.6433	53.6685	-729788183.30
63	3.9262	53.6412	730810730.00
64	4.0002	61.3323	-731083425.00
65	4.0615	76.6861	-731296442.00
66	5.1631	70.3395	731371679.00
67	3.5188	104.1128	-731577410.00
68	4.2208	74.3455	-731934755.50
69	3.688	60.0119	732229013.00
70	3.6337	64.72	732284884.00
71	3.4958	58.3156	732348765.50
72	3.386	97.7633	733829904.50
73	3.2176	72.3301	734331104.50
74	3.5939	106.6288	734551316.00
75	3.5564	62.4864	734644738.80
76	3.4662	43.6376	-737220298.00
77	3.9207	89.2653	-737471036.00
78	3.5738	72.7861	-738093219.00
79	3.6438	60.2023	738149151.50
80	3.5897	60.8484	-739326229.50
81	3.8018	61.2435	739425022.00
82	3.6696	62.8568	742861452.00
83	3.6255	43.0951	744230961.50
84	3.4317	98.1012	-744761064.00
85	3.7814	74.5763	744852255.00
86	3.351	72.8663	-745192760.80
87	3.6446	106.4046	-745441076.00
88	3.5698	105.8633	745758128.50
89	3.6247	46.1373	745914089.50
90	3.5916	88.1132	-746855477.50
91	4.0964	67.9476	-748213822.00
92	3.5975	101.7816	748884078.50
93	3.4866	65.6172	749676001.00
94	3.471	46.6048	750872983.50
95	3.5154	60.6541	-751112158.00
96	3.3064	77.3953	-751473685.00
97	3.8205	62.9257	-751522174.00
98	3.877	62.3613	-754671825.50
99	3.6083	89.1696	754915395.00
100	3.1059	53.9526	755296014.50
101	3.1545	74.6854	756596280.50
102	3.9242	85.6659	756839332.00
103	3.4835	87.4186	758041588.50
104	4.2582	80.4862	761075243.50
105	3.6569	96.105	761084796.00
106	3.6183	103.9696	-762755363.00
107	3.9013	78.5227	763784176.00
108	3.6409	41.0802	-764081328.00
109	3.9552	106.3684	766067967.00
110	3.4706	70.8442	767500447.00
111	5.3023	78.5081	767566615.00
112	3.6368	104.3396	767602938.00
113	3.5118	72.3018	-768082215.00
114	3.6333	56.0537	769951306.00
115	3.4996	65.6885	771420401.00
116	5.1368	81.3095	-771849833.00
117	4.026	60.5629	-772716506.50
118	3.8785	61.0302	772768950.50
119	3.9051	73.4739	-773175661.00
120	3.9543	64.229	-773731780.50
121	3.4416	70.9531	-774176673.00
122	3.4861	48.396	774362379.00
123	3.4542	83.5129	-774691934.00
124	3.4965	92.7254	-774912988.00
125	3.8118	75.39	775657198.00
126	3.4154	75.7806	775789436.00
127	3.9006	98.092	775860944.50
128	3.1141	69.0087	-776258362.00
129	3.9583	53.4531	776308938.00
130	3.8173	60.6459	-776729200.50
131	3.634	106.316	777088826.50
132	3.647	99.861	777494347.00
133	3.9601	100.0211	-777808768.00
134	3.6476	103.3559	778235232.00
135	3.3891	71.1371	778579289.30
136	5.3678	71.3038	778758882.50
137	3.9293	71.0486	-780732769.00
138	3.5897	101.9173	-781545219.00
139	4.5499	77.3419	-784051815.00
140	4.0233	78.3367	784121825.00
141	3.9259	100.72	-784378343.80
142	3.4578	43.5704	785367672.00
143	3.9517	99.9605	786381522.50
144	3.8327	59.2641	-787025616.00
145	3.6304	100.2953	-787297732.00
146	3.9081	80.3935	-787615864.00
147	3.4258	97.9709	-788535990.80
148	3.484	63.715	-789326845.00
149	3.6915	79.6094	789545925.00
150	3.7628	67.8284	-789728596.00
151	3.6082	82.9427	790006341.50
152	3.8294	97.0426	-791795462.00
153	3.454	96.3442	791860201.00
154	3.4796	96.7774	-791966004.00
155	5.1455	81.1334	792225075.30
156	3.3934	72.9548	-792861032.00
157	3.4885	92.4808	793162620.00
158	3.4505	91.7412	793841210.00
159	3.9297	65.4971	-796454711.00
160	3.1248	94.899	-798081885.00
161	3.6217	99.5432	-798813073.00
162	3.5221	73.05	-800707335.00
163	3.898	104.324	803699253.00
164	3.704	60.0297	-804881693.00
165	3.5385	71.0678	804895929.30
166	3.4683	51.4481	-805752660.00
167	4.2447	81.3972	806224808.50
168	3.4718	80.3573	808677024.50
169	5.2038	76.7449	809226673.50
170	3.6071	53.412	810793440.50
171	3.4675	61.6238	-812346008.00
172	3.8212	71.1277	-813161989.00
173	3.457	59.0417	-813505409.00
174	3.9198	104.5371	-813883293.00
175	3.8468	69.6661	-814858435.00
176	3.7099	61.096	815293409.30
177	3.4154	71.3719	815664775.00
178	4.0291	61.2565	-818937994.50
179	5.157	69.4889	-820074766.50
180	3.3281	59.5366	820535595.00
181	3.6667	74.804	820657563.00
182	3.3639	68.3508	821254514.50
183	5.2305	76.6331	-823678230.50
184	3.967	60.6315	825230527.50
185	3.7071	77.4872	826527682.00
186	3.1791	72.5064	828048398.00
187	3.6025	88.2068	830231739.50
188	3.6075	61.6251	830289299.50
189	3.9301	64.1886	830395596.00
190	3.9623	77.1852	-831726330.00
191	3.9257	85.0122	831958857.00
192	4.1385	75.2278	-832204289.30
193	3.5961	82.0834	-834118038.00
194	3.706	73.3485	836692822.00
195	3.9415	80.7786	837151154.00
196	3.487	53.8766	837656923.50
197	3.8237	59.7465	-839326729.00
198	3.866	60.9094	839685348.00
199	3.6917	67.6896	-843212051.50
200	3.6401	100.1037	-843602557.00
201	3.5697	79.327	843753753.00
202	3.7625	81.3373	-843927830.00
203	3.4682	71.4092	-847262458.00
204	3.6409	91.9188	-848738540.00
205	3.6437	54.9455	849226864.00
206	4.0139	73.1301	-849340945.50
207	3.6118	85.0623	-850778871.00
208	3.8297	82.3098	-850949308.50
209	3.4938	61.9974	-851157694.00
210	3.6256	106.4253	852150283.00
211	5.1172	71.8113	852935888.00
212	3.8773	71.4766	853575136.50
213	3.5855	99.1559	854217943.00
214	3.454	103.8268	-855413106.50
215	3.9045	75.1757	-856429194.00
216	3.9299	77.2752	-859239422.50
217	5.3651	92.1458	861148413.50
218	3.9075	64.5009	861169887.00
219	3.4932	65.5755	-861649248.00
220	3.9364	78.0034	-861971180.50
221	3.1275	74.768	-862290847.00
222	3.8203	58.5435	862677279.00
223	3.4463	99.3809	864259057.50
224	3.4633	103.59	865497778.00
225	3.6367	46.5069	-865699720.00
226	3.7183	65.147	-868490268.00
227	3.3517	59.5892	869687688.00
228	4.1843	96.8811	-871145817.50
229	3.9849	72.2353	-871791638.00
230	4.2684	80.6653	872145472.80
231	5.2306	80.4116	-873363809.00
232	3.6599	74.8689	-875275561.00
233	3.4939	48.2563	-877089083.00
234	3.8161	59.1528	880495635.50
235	3.6271	96.0629	881030530.80
236	3.4471	71.4382	-881134278.00
237	3.6274	65.79	882758740.00
238	3.4977	46.7025	883349836.00
239	3.9235	59.016	884743502.00
240	3.2981	77.4694	885936565.00
241	3.4952	82.4002	-887236105.50
242	3.7009	79.5117	-888784227.00
243	3.1873	69.6769	-893738623.00
244	3.3743	67.865	-898786340.50
245	3.61	66.1044	-900277738.50
246	3.6856	80.5997	900351182.00
247	3.4964	103.9673	-900719515.00
248	3.9623	75.8851	903923846.00
249	3.327	76.9301	904768095.00
250	3.8932	80.9798	-906484753.00
251	3.9174	66.2189	906569904.00
252	3.7144	67.6271	-906915971.00
253	3.2838	61.7437	907627319.00
254	3.5024	66.4446	908018918.00
255	3.6291	53.7466	908162999.50
256	3.0053	74.0241	908581156.00
257	3.6409	48.7248	-910396976.00
258	3.1361	70.6236	911437528.00
259	3.4959	71.6652	-911498196.00
260	3.7179	61.8077	-912729861.00
261	3.6158	106.5764	-913287692.80
262	3.7173	53.6168	-913378702.50
263	3.4665	48.4172	-913745587.00
264	4.0324	63.8208	-917193811.00
265	5.32	76.7563	-921247769.00
266	5.1493	78.075	-928005783.00
267	3.6257	84.9216	929630926.50
268	3.465	78.0995	-930934635.50
269	3.8014	75.5372	932671816.00
270	3.4687	94.4499	-933694810.00
271	3.6347	94.2692	934383277.50
272	3.5385	80.7747	935625552.00
273	3.8601	74.9269	-935679761.00
274	3.4617	54.8599	-940908274.50
275	4.8749	72.9902	941455838.80
276	5.3501	92.0784	942010971.50
277	3.5601	79.1358	-942551442.00
278	3.4671	82.372	-943707570.00
279	3.5931	73.4066	-943801778.00
280	3.1145	67.491	-945782777.00
281	3.6212	96.5219	-946957118.00
282	3.702	65.4491	-947424022.00
283	3.4358	68.4577	-950982119.00
284	3.8313	77.0914	-951724455.00
285	3.4903	54.9202	-951790113.50
286	3.7744	60.4565	-954672929.50
287	4.1756	96.7954	954746217.00
288	3.8378	66.4563	955749774.00
289	3.5303	74.2172	-958594779.00
290	3.641	84.6149	-958756130.00
291	3.8266	63.7441	959077065.00
292	3.8008	76.329	959132064.00
293	3.617	96.1791	-960800698.00
294	3.5044	60.7767	-961180073.50
295	2.9568	73.7186	-961573871.00
296	3.4668	41.2894	-962130695.50
297	3.919	62.1784	964031491.00
298	3.6213	91.8715	964649467.00
299	3.4178	95.8052	965794916.00
300	3.7913	95.9471	966004214.00
301	3.7174	96.749	-966432269.00
302	3.1405	94.926	968302250.30
303	3.7495	60.9854	-968524430.00
304	4.8822	69.2846	-968743004.50
305	3.4646	62.0854	-971841042.00
306	3.5363	74.3705	974245781.00
307	3.8404	73.0984	977040560.00
308	3.8043	58.6312	-977162711.50
309	3.4611	77.2253	-977761645.00
310	3.3781	60.5005	-983122546.00
311	3.5113	80.5524	-985786096.50
312	3.6224	82.5757	-986729618.00
313	3.4891	65.1351	987198061.00
314	3.4552	87.171	988870923.50
315	3.3908	72.2469	-990438273.00
316	4.0188	63.9672	-993323351.00
317	3.6007	92.1668	993707346.00
318	3.8367	96.0409	-995397093.00
319	3.5281	72.9188	996043152.00
320	3.6239	87.9627	-996141024.50
321	3.7567	70.6012	-1004187703.00
322	4.0357	77.426	1006423743.00
323	3.3744	59.9294	-1007260626.00
324	4.0155	68.7716	1007484470.00
325	3.199	72.4276	1007876704.00
326	3.5997	53.7123	1009051933.00
327	3.642	73.1498	-1009327593.00
328	4.1756	104.1543	1010696245.00
329	3.7256	99.0881	1011724357.00
330	4.2044	98.4546	1013447400.00
331	3.84	70.7693	1015766105.00
332	3.5336	68.6233	1015905218.00
333	3.9275	96.2702	1019100737.00
334	3.772	101.5001	-1019338955.00
335	3.5318	80.721	-1023966162.00
336	3.5162	72.8456	1026156585.00
337	3.504	70.9079	-1026799911.00
338	3.6049	65.4666	-1027844049.00
339	3.9425	61.2158	-1029385837.00
340	3.6434	74.5543	-1029594886.00
341	4.1841	104.2391	-1031711844.00
342	3.4896	103.7562	1033749058.00
343	3.8775	100.8564	-1035430622.00
344	3.7275	71.2595	-1035898488.00
345	3.4808	72.7951	-1035913541.00
346	5.1704	72.2892	-1036648438.00
347	3.9176	59.9623	1037244145.00
348	3.9023	77.486	-1038256765.00
349	3.4283	68.5146	1041052609.00
350	3.5565	72.1677	1041265848.00
351	3.4873	82.4964	1042453689.00
352	3.618	101.7048	-1043498846.00
353	3.4668	53.8533	-1044042167.00
354	3.7216	67.4823	1044618756.00
355	4.0861	72.4718	-1045198571.00
356	3.485	56.4285	1048274960.00
357	3.2232	76.6398	1053148090.00
358	3.6281	77.4922	1053198647.00
359	3.8668	70.2021	-1058236557.00
360	3.663	67.7697	-1058542719.00
361	3.4575	48.2954	1060097287.00
362	3.7685	60.6412	1060187778.00
363	3.5036	100.4177	-1060223672.00
364	3.3054	59.7199	1062754374.00
365	3.698	68.6107	-1063425220.00
366	3.9134	71.2098	1064289035.00
367	3.4927	78.0058	-1067245414.00
368	3.5251	66.5546	1069539858.00
369	3.4236	68.6041	1073254323.00
370	3.6926	81.7586	1078162016.00
371	3.4578	41.2801	1079391129.00
372	3.4888	51.3557	1081133420.00
373	3.9389	81.9599	-1081452129.00
374	3.4608	61.4026	1082172695.00
375	3.4961	53.8191	-1083050430.00
376	3.4622	46.6513	-1083147143.00
377	3.6448	65.3048	-1086819774.00
378	3.7654	65.1976	-1087401941.00
379	3.6125	56.4498	-1091456718.00
380	3.4898	46.7417	-1094455941.00
381	3.4968	94.4446	-1095096730.00
382	4.9409	92.1536	-1095714379.00
383	3.9554	71.9169	1095865605.00
384	3.5471	104.3225	-1097660195.00
385	3.6411	81.1023	1099554989.00
386	3.6114	101.195	1100332032.00
387	3.9294	66.3057	1100776087.00
388	3.465	87.2435	-1109320635.00
389	3.9554	67.2798	1110225891.00
390	3.89	100.974	1119049222.00
391	3.6342	53.6218	1119817992.00
392	3.478	70.7583	-1121725994.00
393	3.4951	87.1885	-1123662024.00
394	4.0256	63.674	1126005235.00
395	4.8931	71.8547	1126703397.00
396	4.0519	62.4189	1129457240.00
397	3.3081	70.4014	1131368907.00
398	3.8416	74.4791	-1137296998.00
399	3.9132	65.2674	1138883460.00
400	3.6143	100.4159	1145738542.00
401	3.486	41.25	1148597294.00
402	3.6355	95.4369	1148972060.00
403	3.8572	75.5874	-1149446486.00
404	3.8576	67.6124	-1150758777.00
405	3.7655	74.5919	1153499556.00
406	4.2446	80.4271	-1153828433.00
407	3.6241	56.5936	1155882470.00
408	3.4937	71.0494	-1157578424.00
409	3.9044	71.5869	-1158799453.00
410	3.4614	94.4486	1159554326.00
411	5.1387	70.3815	1162403457.00
412	3.4955	41.2907	-1163800523.00
413	3.712	73.2868	-1165189659.00
414	3.7758	92.1078	-1165973736.00
415	3.7233	97.0617	1180787648.00
416	3.6352	78.573	1181939463.00
417	3.9209	80.3635	-1187891115.00
418	3.506	76.5991	-1191677966.00
419	3.9261	71.5698	-1191682879.00
420	3.9499	75.8841	-1196592779.00
421	3.6219	100.7433	1197506831.00
422	3.4011	62.2658	-1199294149.00
423	3.6914	97.059	-1200512562.00
424	4.2117	75.1766	-1202094353.00
425	4.0197	73.4718	-1202428018.00
426	3.7014	81.6927	-1206885295.00
427	4.0264	77.2623	-1208187114.00
428	3.641	100.757	-1209321367.00
429	3.5462	80.712	-1210605009.00
430	3.5702	103.3786	-1211093009.00
431	3.4892	83.2863	1215764409.00
432	3.8874	66.5911	-1219326173.00
433	3.5924	71.3301	1220845151.00
434	3.8688	101.0055	1220962764.00
435	3.9287	104.4706	1224868857.00
436	4.2195	75.4111	1228793872.00
437	3.9656	68.1544	-1232456293.00
438	3.4542	71.3592	1239086162.00
439	3.6077	72.7585	1239295658.00
440	3.6914	75.4639	1244575185.00
441	3.3095	73.04	-1247715966.00
442	3.934	70.6016	1248783769.00
443	3.3642	98.0703	1248913129.00
444	3.2154	75.3995	1250251792.00
445	3.4504	69.4434	1253344884.00
446	3.6052	77.2852	-1253983025.00
447	3.9597	67.8575	1258474740.00
448	3.8105	71.4934	-1261304449.00
449	3.4584	53.8567	1262538283.00
450	3.6055	72.2264	1270639892.00
451	3.8858	100.8219	1279920436.00
452	3.4937	96.2257	-1280191493.00
453	3.4577	74.108	-1283852876.00
454	3.9352	81.0604	-1283951258.00
455	3.3095	74.3101	1284117869.00
456	3.4607	51.3357	1296736999.00
457	5.3078	72.8174	1296758606.00
458	3.9673	72.429	1303914631.00
459	3.9138	78.2207	-1305046167.00
460	3.5145	69.5326	-1306850002.00
461	5.1557	70.3293	-1309142619.00
462	4.0931	72.4777	1309931548.00
463	3.6175	53.6798	-1312217766.00
464	3.2217	74.7338	1313044690.00
465	3.1183	69.775	1314505534.00
466	3.1623	69.6087	1317271438.00
467	4.5783	74.0708	-1319797824.00
468	3.6163	64.579	1321522306.00
469	5.2123	76.6451	-1323527816.00
470	3.599	72.5235	-1324148666.00
471	3.4309	60.9379	1325068341.00
472	3.5318	71.1133	1326498238.00
473	3.4941	40.9261	-1330319224.00
474	4.0548	74.4394	-1332248058.00
475	3.7669	92.1402	-1334627368.00
476	3.7506	70.6353	-1336071296.00
477	3.635	61.8289	1339317155.00
478	3.6017	78.9672	1339868484.00
479	3.5377	104.2798	1340838787.00
480	4.0855	70.719	-1346282021.00
481	5.3316	72.7713	1348343500.00
482	3.1885	72.4471	-1349639221.00
483	3.7052	67.797	1352556884.00
484	3.6372	73.5216	1353021856.00
485	3.4696	92.2196	-1353228808.00
486	3.9547	77.6802	1355744665.00
487	4.869	71.8321	1356041098.00
488	3.7909	66.4406	1358590520.00
489	3.4891	94.81	1360641217.00
490	3.7659	62.4316	1360703913.00
491	3.9746	61.1624	-1361848981.00
492	4.9337	92.0884	1362174353.00
493	3.1646	69.2804	1366227622.00
494	3.7181	99.0505	-1370798598.00
495	3.6478	66.4417	1374944894.00
496	3.7243	81.5217	1380140328.00
497	3.8668	97.8069	1384314316.00
498	3.6369	61.3488	1384992623.00
499	3.4382	97.9999	-1389499960.00
500	3.9531	67.7937	-1389723254.00
501	3.6686	72.5705	1390488471.00
502	3.4975	63.1764	-1394583672.00
503	3.5015	99.8933	1396805539.00
504	3.6245	67.7744	1399033374.00
505	3.201	95.8967	-1407201326.00
506	3.7975	66.2381	-1407438458.00
507	3.7443	81.334	1409831472.00
508	3.6184	65.2007	-1411504920.00
509	3.9103	59.1548	-1414724728.00
510	3.9654	96.9561	-1421586979.00
511	3.4613	83.2368	1423841667.00
512	5.2219	76.5908	1426946937.00
513	3.4005	72.3031	1430129710.00
514	3.9737	98.0938	1433351331.00
515	3.9786	72.3005	1433641116.00
516	3.4651	88.7713	1443303263.00
517	3.1107	69.6817	-1446710856.00
518	3.3143	77.3098	1451381061.00
519	3.4412	71.6567	1453704864.00
520	5.2152	80.4675	-1455428368.00
521	3.994	70.5872	-1458442398.00
522	3.7232	68.2996	-1459924293.00
523	3.7373	101.4523	-1465236298.00
524	4.175	74.4693	1474877593.00
525	5.1505	69.6073	1477164131.00
526	3.5314	102.4183	-1479754198.00
527	3.8164	70.4077	-1491943558.00
528	4.1372	63.4258	1499323495.00
529	3.5435	75.9044	-1499360218.00
530	3.642	77.791	-1501676871.00
531	3.6352	82.5164	1502491071.00
532	3.4572	99.8973	1504676782.00
533	5.3578	92.0866	-1507297663.00
534	3.7243	72.4394	-1511279958.00
535	3.7169	62.9079	-1511975148.00
536	3.4696	76.7791	1519701147.00
537	3.4541	68.524	1526254966.00
538	3.6761	72.1387	1529671112.00
539	3.855	98.0174	1531023164.00
540	3.3739	97.9208	-1532044938.00
541	4.0925	70.7906	1535945007.00
542	3.4801	80.626	-1536606189.00
543	3.6397	88.5946	1538358128.00
544	3.299	70.3279	-1538831612.00
545	3.7844	76.011	-1542169310.00
546	3.9278	80.3645	1545863184.00
547	3.8356	60.7073	1549099705.00
548	3.8556	100.8343	-1550788634.00
549	3.7864	61.0166	-1559367603.00
550	3.5335	98.008	-1559979362.00
551	3.4537	66.5617	1566906727.00
552	3.1147	53.9062	-1572102904.00
553	3.5956	75.6155	-1572151156.00
554	3.6403	56.5809	-1572448138.00
555	3.383	71.8327	1575844374.00
556	3.348	74.7811	1583479562.00
557	3.1861	96.87	-1584607073.00
558	3.9658	99.0891	-1584869248.00
559	3.7197	72.9241	1587696432.00
560	3.8174	65.2392	-1594024609.00
561	3.3969	98.1017	-1595326857.00
562	5.2229	80.4987	1597376487.00
563	3.6408	78.8969	1599912091.00
564	3.6079	91.9495	-1602452309.00
565	3.85	75.3654	1603995073.00
566	4.1286	63.1651	-1613776450.00
567	3.6116	65.1943	1619386492.00
568	3.7598	74.4907	1622514460.00
569	3.6929	73.4225	1625363895.00
570	5.158	78.0559	1626487456.00
571	3.4978	100.3647	1627038746.00
572	3.3837	70.7028	1634973616.00
573	4.0997	63.3308	-1641352828.00
574	3.4665	75.7669	1643466196.00
575	5.166	78.0804	-1654040029.00
576	5.1434	69.6535	-1656570259.00
577	3.7979	75.8084	-1657417236.00
578	3.6264	81.3826	1659907740.00
579	3.4238	71.2257	-1662213031.00
580	4.0444	62.4586	1663179547.00
581	3.2594	71.3651	-1665474370.00
582	3.792	98.1651	1673585328.00
583	3.6998	75.5281	-1678919864.00
584	3.7213	71.4667	1680209351.00
585	3.6339	74.625	1690692494.00
586	3.4194	62.429	1691694716.00
587	3.8729	97.9776	-1700665476.00
588	3.7183	81.535	-1704851798.00
589	4.0063	104.4354	1710217226.00
590	3.7177	72.294	1717867382.00
591	3.4583	88.2872	-1725484537.00
592	3.5885	96.9978	1728534048.00
593	3.7772	68.5608	1743590008.00
594	3.6053	100.5897	-1759276805.00
595	3.7631	75.6747	-1768466258.00
596	3.2066	75.9112	-1769957180.00
597	3.5994	73.3956	1772894180.00
598	3.347	76.8887	1779006838.00
599	3.8551	70.2188	-1780254732.00
600	3.7799	62.7734	-1786553682.00
601	3.8172	66.4333	1788988290.00
602	3.2809	71.4357	1790167992.00
603	3.5368	69.821	-1795948065.00
604	3.8488	98.0172	-1801937404.00
605	3.495	74.2353	-1802647720.00
606	3.612	77.1417	1808959896.00
607	4.1816	74.4448	1814158373.00
608	3.3946	68.5443	-1815169620.00
609	3.7944	62.2715	-1824216532.00
610	3.5922	79.3341	-1825800430.00
611	3.2534	71.4711	1827926032.00
612	3.7501	81.3542	-1830274402.00
613	3.8937	68.6902	-1830908414.00
614	3.7242	60.7259	-1834623991.00
615	3.5274	98.0925	-1837048764.00
616	3.4993	76.4503	1840401856.00
617	3.5078	66.8186	-1841495212.00
618	3.4567	56.375	1841554822.00
619	3.5305	100.519	-1843581868.00
620	3.5614	98.0001	-1849098707.00
621	3.6826	62.7296	1853181766.00
622	3.3362	59.7702	-1867118080.00
623	3.2836	74.7899	1868092798.00
624	3.6984	62.8623	1871210800.00
625	3.3872	60.8692	-1873769946.00
626	3.8722	66.678	1900813363.00
627	3.419	63.4311	-1902113958.00
628	5.1698	71.3821	1905017416.00
629	3.4706	63.4348	-1905307150.00
630	3.4136	95.8807	1908211840.00
631	3.2882	73.5377	-1913229834.00
632	3.7572	98.0835	-1914664857.00
633	3.6409	96.3793	-1917671472.00
634	3.6156	79.6038	-1927296879.00
635	3.6562	92.1013	1927790380.00
636	3.4642	96.3116	-1933379210.00
637	3.4576	70.8875	1943670362.00
638	4.1034	68.8976	-1946846858.00
639	3.3292	70.3431	1951026754.00
640	3.3939	60.9811	1953279924.00
641	4.1967	75.3717	1976837843.00
642	3.8612	97.9707	-1992593890.00
643	3.4097	60.8234	-2002307796.00
644	3.6901	62.753	-2007497398.00
645	3.7089	98.0619	-2019587790.00
646	3.9777	70.7805	2023864708.00
647	3.8971	66.4661	-2028651138.00
648	3.4931	56.6474	-2033299890.00
649	3.9924	68.6388	-2034232901.00
650	3.5029	96.9886	2035691948.00
651	3.6344	92.1769	2037623040.00
652	3.4565	91.9416	-2045333300.00
653	5.1764	72.7074	2049110354.00
654	3.3715	68.5957	-2050017896.00
655	3.8307	70.5557	-2051538070.00
656	3.9552	68.1627	2052274820.00
657	3.6495	92.1388	-2068512686.00
658	3.6603	72.4688	-2071168900.00
659	4.0091	68.6488	2079696217.00
660	3.4286	92.0413	2090237790.00
661	3.7427	63.4166	2103204728.00
662	3.5772	75.5675	2104481278.00
663	3.9142	80.6719	2104767788.00
664	3.7572	65.1742	-2109425656.00
665	3.6061	79.6403	2112006603.00
666	3.4821	99.5769	-2121051202.00
667	3.9711	70.7801	2121323790.00
668	3.2676	71.5628	2124102100.00
669	3.3775	75.1087	-2125455104.00
670	3.4645	56.6138	-2132805382.00
671	3.5913	76.2968	2149656954.00
672	3.2793	60.7998	2151019374.00
673	3.7863	62.1104	2156292172.00
674	3.5617	69.4619	-2157648997.00
675	3.3748	72.3628	-2158015841.00
676	2.9728	73.9326	-2160335220.00
677	3.6153	73.0419	-2161467212.00
678	3.2308	75.7695	2170952250.00
679	3.6248	99.1267	2172860894.00
680	3.4397	74.2688	-2178469664.00
681	3.4643	70.8537	-2181731932.00
682	3.6123	78.0435	-2199948090.00
683	3.6411	62.1234	-2208782968.00
684	3.7442	70.7094	2209642644.00
685	3.7297	72.4869	2214504780.00
686	3.6159	81.6232	-2217101966.00
687	3.1809	69.5422	2217847192.00
688	3.4478	74.062	-2223050582.00
689	3.9416	67.7122	2227360308.00
690	3.6517	67.4199	2227684560.00
691	3.4571	63.525	-2234774400.00
692	3.8312	66.4923	-2248991846.00
693	3.5635	75.7302	2253678474.00
694	3.4422	69.8254	2254340332.00
695	3.6278	92.0974	-2286319340.00
696	3.5039	69.6241	2292674596.00
697	3.5836	71.3572	2294266630.00
698	3.2905	72.7723	-2302003422.00
699	3.7562	81.3182	2335028072.00
700	3.3191	70.3591	-2341898416.00
701	3.7121	75.9022	2344129450.00
702	3.4251	70.5254	2360469645.00
703	3.317	74.244	-2362186220.00
704	3.4085	68.5649	2381585600.00
705	3.6092	71.4565	-2389480776.00
706	3.6865	74.5006	2389938630.00
707	3.618	72.7678	-2390763100.00
708	3.2834	76.8392	2402391114.00
709	3.7903	65.2061	-2416589742.00
710	3.424	75.904	-2439331580.00
711	3.3516	95.8641	2443424390.00
712	3.4514	99.0842	2450934502.00
713	3.4631	91.9905	2451739240.00
714	3.4907	63.4932	2462057986.00
715	3.5532	69.8731	-2463582562.00
716	3.2466	71.3661	-2475695680.00
717	4.2311	74.36	-2483069940.00
718	4.1897	74.6204	-2492005846.00
719	3.4024	75.3458	2509959086.00
720	3.7347	75.9236	-2526319643.00
721	3.9167	98.967	2529850366.00
722	3.8892	61.1054	-2538135373.00
723	3.8399	68.5103	2542694748.00
724	3.5471	71.0706	-2567089746.00
725	3.8822	68.6449	-2569152828.00
726	4.5421	74.2929	2573707414.00
727	3.7371	80.7461	-2593446220.00
728	3.7051	72.0722	-2594374998.00
729	3.814	98.0942	2616029532.00
730	3.832	72.965	-2616540526.00
731	4.2038	74.4254	2619163530.00
732	3.3423	73.3924	-2624605112.00
733	3.8197	74.7794	-2625892746.00
734	3.5549	70.9522	2627609390.00
735	3.7302	62.4707	2629792150.00
736	4.0086	62.5605	2630292560.00
737	3.3672	60.8667	-2632219584.00
738	3.743	101.4313	2639365364.00
739	3.922	77.9582	2653442681.00
740	3.4447	100.522	2656453682.00
741	3.387	68.5886	2695906560.00
742	3.553	75.679	-2700775676.00
743	3.6222	80.4627	-2716883872.00
744	3.4418	92.1132	2718350336.00
745	5.2109	72.5643	-2724647168.00
746	3.6336	66.3455	2742639340.00
747	3.3645	72.7007	2745228486.00
748	3.6342	81.317	-2771447552.00
749	3.4028	60.6923	2792894852.00
750	3.4158	70.6096	-2817034020.00
751	3.895	63.3366	2834327740.00
752	3.5192	68.586	2848849022.00
753	3.6403	64.6355	-2863055012.00
754	3.8266	74.7504	2870036228.00
755	5.2029	72.6363	2929570379.00
756	3.7285	70.7352	2941727492.00
757	3.7185	75.8309	-2945869940.00
758	3.7813	69.9752	2951919384.00
759	3.4644	99.5717	2954898860.00
760	4.0006	69.8536	-2970635178.00
761	3.6785	98.0255	-2970988052.00
762	3.3563	70.9343	2982247360.00
763	3.4348	62.3904	2989074146.00
764	3.3361	76.8442	-3048482284.00
765	3.6341	72.8496	3063767620.00
766	3.9277	61.0386	3065043262.00
767	3.8058	76.0937	-3079446144.00
768	3.1536	69.6798	-3080394804.00
769	3.2387	75.7653	3082672156.00
770	3.8232	70.0976	3096878000.00
771	3.9171	97.2001	3116648528.00
772	4.556	74.2132	3146523140.00
773	3.8003	65.3677	3147736920.00
774	3.4352	92.0828	-3179954752.00
775	3.4766	69.5117	3188378212.00
776	3.4367	72.6766	3218489216.00
777	3.8079	66.469	-3218580460.00
778	3.8297	75.9035	3233772208.00
779	3.7199	80.7144	3255617116.00
780	3.9046	66.4232	3268489182.00
781	3.7603	92.1071	3301620058.00
782	3.8894	81.9828	-3341361212.00
783	3.3585	95.9225	-3345114172.00
784	3.7439	75.9831	3345268536.00
785	4.035	76.305	-3354254868.00
786	3.5845	75.7855	-3357155362.00
787	3.7048	68.6096	3389470616.00
788	3.5735	71.2501	-3401757648.00
789	5.2332	72.6775	-3407168758.00
790	3.3314	74.2182	3451144046.00
791	3.7234	74.68	-3455890722.00
792	3.7342	92.0549	-3480042268.00
793	3.3731	60.8684	3503689272.00
794	4.0076	69.7854	-3518948248.00
795	3.7593	62.484	-3524600820.00
796	3.4151	72.5906	-3530551624.00
797	3.3541	74.0105	3531848020.00
798	3.3799	95.8371	3532602260.00
799	3.4303	75.5891	3540749756.00
800	3.4644	72.4977	-3543098780.00
801	3.7501	71.4311	3550732800.00
802	3.6922	80.7159	-3575378840.00
803	3.9932	75.453	-3578621058.00
804	3.4954	66.5684	-3589473530.00
805	5.2256	72.6664	3634122668.00
806	3.3575	60.6648	3656324784.00
807	3.9718	69.9053	-3659937396.00
808	3.6885	68.6591	-3664996104.00
809	3.2748	71.4791	-3684942312.00
810	3.801	72.6112	-3702265110.00
811	3.6371	75.7851	3704046680.00
812	3.4314	95.8993	3711294852.00
813	3.7128	68.6225	-3724278644.00
814	3.7727	62.4852	3725049610.00
815	3.6335	75.9433	-3728480648.00
816	4.0587	75.3656	-3759757980.00
817	3.3428	72.5315	-3765795896.00
818	3.9192	61.2183	-3767072612.00
819	3.7285	97.929	3806415296.00
820	3.7256	75.9667	3816772540.00
821	3.4085	75.7154	-3827155104.00
822	3.757	75.9448	3851430936.00
823	3.7658	101.4934	3861182388.00
824	3.7122	80.7153	3862866984.00
825	3.7401	71.4656	-3894802096.00
826	3.7759	98.0102	3901383990.00
827	3.7762	69.4456	-3906164588.00
828	2.9975	74.183	-3940567780.00
829	3.7766	70.3222	3942214486.00
830	3.5498	98.009	-3944907818.00
831	3.7063	63.9009	3945055616.00
832	3.7506	75.9227	-3972295252.00
833	3.8204	75.809	3973184428.00
834	3.9133	63.4066	3988955814.00
835	3.5112	68.6433	-4005547492.00
836	3.8464	67.6213	-4026552944.00
837	3.7382	62.5053	-4029342288.00
838	3.4466	97.8276	4079308816.00
839	3.3394	74.1862	-4121162268.00
840	3.4639	63.434	4128100080.00
841	3.9043	63.3991	-4146704074.00
842	3.1306	69.5609	4167688624.00
843	3.786	98.0637	-4178583302.00
844	3.4265	62.4263	-4187658472.00
845	3.952	70.4793	-4192568410.00
846	3.5415	66.5132	-4219286552.00
847	3.7499	92.1289	-4228851716.00
848	3.3001	72.661	4261878212.00
849	3.3741	95.9084	4271673612.00
850	3.8335	98.0416	-4273457864.00
851	3.783	71.5952	4303461120.00
852	3.8747	68.6606	4317671792.00
853	3.4559	100.4739	-4323861062.00
854	3.7351	72.8319	-4333461160.00
855	3.3966	75.7331	4342232096.00
856	3.4537	96.9668	4365935376.00
857	5.1489	71.5015	-4368784552.00
858	3.6328	63.4659	-4374281064.00
859	3.7418	92.1375	4389615456.00
860	3.4961	68.6524	-4415348168.00
861	3.5775	81.9202	-4427135684.00
862	3.7752	65.304	4468314342.00
863	3.7889	72.742	-4479690556.00
864	3.4247	95.9235	-4537921772.00
865	3.7596	72.6632	4580322700.00
866	3.7719	71.3588	4602007088.00
867	3.929	81.7407	4710512086.00
868	3.836	75.9131	-4723902896.00
869	3.7975	98.0649	-4739538248.00
870	3.8043	98.0137	4745661828.00
871	3.8011	70.1408	4769276260.00
872	3.7658	71.4517	-4839637696.00
873	3.3861	75.8182	-4987352944.00
874	3.4122	62.3643	-4989203984.00
875	3.9005	61.0714	5027335156.00
876	4.5785	75.8469	-5117475184.00
877	3.3483	69.7041	5119059836.00
878	3.7535	101.4633	5134008152.00
879	4.0171	80.8202	-5137702052.00
880	3.3283	72.8903	-5146694444.00
881	4.0337	104.4089	-5177338220.00
882	3.913	98.0257	5180662572.00
883	3.7503	72.7239	-5186257168.00
884	3.3746	75.8049	5223420312.00
885	3.6252	97.02	5224438320.00
886	4.5646	74.1677	-5260834028.00
887	3.9181	81.8695	-5261719840.00
888	3.7856	68.6583	-5284770664.00
889	3.7314	80.5776	5289830304.00
890	3.9228	63.4397	-5291234892.00
891	3.1379	69.6308	-5295683380.00
892	3.6852	63.8569	-5344040376.00
893	3.6406	66.2523	-5395216520.00
894	3.6045	63.5076	-5437203768.00
895	3.4986	69.5008	-5443503232.00
896	3.6817	71.2797	-5447369688.00
897	3.6186	67.5667	-5486338072.00
898	3.3672	95.9023	-5677693144.00
899	3.5614	81.7833	-5751095868.00
900	3.4415	72.7547	-5757842504.00
901	3.7596	101.5015	-5848756856.00
902	3.4667	101.5972	5851577496.00
903	3.7427	72.6896	5857994964.00
904	3.6182	63.4796	-5871529128.00
905	4.0344	80.7349	-5893293956.00
906	3.6854	98.061	-5894406052.00
907	3.6944	71.2698	6069668500.00
908	3.9338	67.7353	6088328168.00
909	3.3169	72.8239	6095029904.00
910	3.3872	95.893	-6109097232.00
911	3.2466	75.7338	-6135256368.00
912	3.3706	74.2151	-6250598536.00
913	3.7442	69.721	-6259828508.00
914	3.9137	67.7562	6337480656.00
915	3.2228	75.6816	-6343849976.00
916	4.0148	104.4416	-6458045100.00
917	3.4746	75.4781	-6476748424.00
918	4.0136	75.9311	-6535548176.00
919	3.6464	63.3106	-6535704376.00
920	3.7915	75.9116	6565515672.00
921	4.0879	69.1117	6612555122.00
922	3.9008	81.8591	6620884064.00
923	3.4905	75.4085	6638811748.00
924	3.2776	75.8116	6661837688.00
925	4.026	80.7398	6758425324.00
926	3.8098	69.3324	-6793559008.00
927	3.6005	74.3834	-6829895888.00
928	3.7882	70.5588	-6845398536.00
929	3.7525	62.4503	6936466736.00
930	3.7587	69.5841	6997349256.00
931	3.6415	99.0575	-6999788928.00
932	3.6058	97.1278	-7001284784.00
933	3.7733	74.3973	-7013067132.00
934	3.7816	72.8808	7034580120.00
935	3.615	74.5186	7071461160.00
936	3.3526	75.759	7096751488.00
937	3.1458	75.7406	7129008544.00
938	3.3673	75.7815	-7167712368.00
939	3.8094	72.6669	7168776016.00
940	3.5614	74.4427	7303074528.00
941	3.395	95.904	7352199568.00
942	4.5492	74.2338	-7416549672.00
943	3.4957	97.0712	-7450741864.00
944	3.9927	69.5676	7580122840.00
945	3.6178	71.5915	7619527220.00
946	4.5715	74.146	7645847272.00
947	3.5833	74.5739	7711726304.00
948	3.5088	98.0397	-7757283772.00
949	3.6697	71.4611	-7760311368.00
950	4.0247	104.4283	7875606620.00
951	3.4826	75.3956	7931732136.00
952	3.6415	97.0139	-8002239160.00
953	3.9452	98.0586	8003466312.00
954	3.4705	69.593	-8110502488.00
955	3.8272	98.0301	8131182888.00
956	3.8208	98.0406	-8187955272.00
957	3.8148	68.9365	8191211464.00
958	3.2901	71.4209	-8216648436.00
959	3.5765	74.5318	-8262290288.00
960	4.0237	76.2431	8268683352.00
961	3.1349	95.9128	-8344610832.00
962	3.4062	95.9095	-8440643840.00
963	3.6061	98.9942	-8478586408.00
964	3.4582	72.746	8561926960.00
965	3.3482	60.644	-8575234044.00
966	3.4857	69.6577	-8580989968.00
967	3.5351	75.4631	-8725439632.00
968	3.188	75.7917	-8735413768.00
969	3.6058	75.7178	8827554024.00
970	3.5682	74.5244	-8858555992.00
971	3.7289	64.054	8911844624.00
972	3.6637	75.8921	-8934519472.00
973	3.5041	75.4022	9056519024.00
974	4.543	75.8672	9095323416.00
975	3.1719	75.7649	-9145877888.00
976	5.1344	72.8309	9177527980.00
977	3.7157	98.0336	9199094936.00
978	3.3429	60.8771	-9252873840.00
979	3.7139	74.464	9262341112.00
980	3.534	67.6849	-9339388912.00
981	3.3406	71.4765	9504142608.00
982	3.6052	67.544	-9749419168.00
983	3.6511	71.3724	-9862956312.00
984	3.7516	69.5985	9887379648.00
985	3.535	101.4958	-10051802352.00
986	3.5191	67.6801	-10093860120.00
987	4.5566	75.8923	10221333552.00
988	3.9803	69.7784	-10468087432.00
989	3.4314	72.9813	-10486106664.00
990	3.5931	74.476	10649565440.00
991	3.6633	69.3597	-10839800442.00
992	3.7056	80.6543	-10907180928.00
993	3.6989	80.6768	10916293912.00
994	3.5778	104.4728	-11041197440.00
995	4.0488	75.4158	11134217028.00
996	5.1468	72.7079	-11237636616.00
997	3.6113	63.4394	11338135888.00
998	3.6073	74.5568	-11452915568.00
999	3.3083	71.4174	-11455244928.00
1000	3.3351	60.7383	11628808064.00
1001	3.7445	74.3651	11732611680.00
1002	3.6395	63.4315	11798312384.00
1003	3.9023	69.7334	-11988185076.00
1004	3.1658	95.9093	11992174488.00
1005	5.1535	72.8193	12037233472.00
1006	3.1917	95.8953	-12188350512.00
1007	3.4925	69.7028	12533787488.00
1008	4.0031	75.4877	12739155216.00
1009	3.5213	75.3879	-12740922096.00
1010	3.475	101.5114	-12861874016.00
1011	3.1388	75.7392	-12864106704.00
1012	3.5412	67.477	12876810912.00
1013	3.4573	69.7024	-13002613872.00
1014	3.5119	67.6536	13013378912.00
1015	3.3649	69.5951	-13031424756.00
1016	3.7962	67.5437	13045444816.00
1017	3.3067	60.7074	-13099539008.00
1018	3.7671	69.625	-13249702336.00
1019	5.131	71.4233	13259786560.00
1020	3.8362	69.4853	-13327714688.00
1021	3.4405	75.3779	13409132608.00
1022	3.5699	81.8921	13476125960.00
1023	3.7365	74.3913	-13555861024.00
1024	3.633	67.5993	-13728782160.00
1025	4.5647	75.8582	-13783263264.00
1026	3.4146	74.1766	14038365296.00
1027	3.3489	71.3823	-14069465072.00
1028	3.3962	74.1607	14121675536.00
1029	3.4518	72.7685	-14192231088.00
1030	3.6135	75.9149	-14338320936.00
1031	3.5609	104.4417	-14597577952.00
1032	3.6565	75.9281	14733655184.00
1033	3.7222	98.017	-14787170784.00
1034	5.16	72.78	-14836669272.00
1035	3.4242	73.0008	14893981040.00
1036	3.4894	101.4717	14934051240.00
1037	3.3278	60.6422	-15020347168.00
1038	3.1651	75.7401	15041532656.00
1039	3.1759	95.9028	15092685032.00
1040	3.3878	74.1586	-15143615536.00
1041	3.8237	67.5108	-15320384128.00
1042	3.1434	95.9159	-15370622144.00
1043	3.6997	74.4922	15572118784.00
1044	3.8204	67.7922	15693369632.00
1045	3.5039	101.4091	15696672864.00
1046	3.6119	67.7056	15983488112.00
1047	3.1298	75.7462	16069677104.00
1048	3.5918	80.7875	16160391824.00
1049	3.4554	75.4302	16294523856.00
1050	3.4229	74.0184	-16517141920.00
1051	3.2995	71.4107	16815255488.00
1052	3.2975	60.6849	16828099768.00
1053	3.464	69.7285	17097098592.00
1054	3.3791	69.6017	17128184304.00
1055	3.6925	98.0487	17901858560.00
1056	3.433	69.5616	17937665552.00
1057	3.604	80.6623	-18082975520.00
1058	3.1839	95.8965	18185425872.00
1059	3.6464	67.6361	-18291562368.00
1060	3.1273	95.9146	18398392544.00
1061	3.4322	74.031	18557375056.00
1062	5.1621	71.4196	-18637278912.00
1063	5.1548	71.4188	18734022640.00
1064	3.2879	60.746	-18744521840.00
1065	3.654	69.0594	-18877227568.00
1066	3.6143	80.6042	18947983360.00
1067	3.5212	101.4914	-18997292800.00
1068	3.7152	63.9004	19039531536.00
1069	3.8208	68.9315	-19056060528.00
1070	3.6435	75.947	-19146839280.00
1071	3.5623	80.7397	19150844656.00
1072	3.6991	98.0764	-19232418112.00
1073	4.0182	62.5368	-19403009408.00
1074	3.8044	69.1113	19452188512.00
1075	3.4975	75.4062	-19548924032.00
1076	3.6269	75.9488	19561828800.00
1077	3.9294	98.0632	19588960848.00
1078	3.8932	69.6276	19722399872.00
1079	3.575	80.6476	-19847326624.00
1080	4.0278	75.3967	-19959189984.00
1081	3.779	67.6038	-19974909840.00
1082	3.4137	69.6073	20100254816.00
1083	3.7061	74.4305	-20124135216.00
1084	3.316	60.7291	20393877536.00
1085	4.5717	75.8497	20715514000.00
1086	4.0332	62.5152	-20860558960.00
1087	5.1389	71.4144	-20980877856.00
1088	4.5499	75.8596	-21142775616.00
1089	3.6594	71.4218	21215747680.00
1090	3.9434	69.2158	21220249432.00
1091	3.1535	95.9045	-21299337880.00
1092	3.5283	75.405	21691713408.00
1093	3.4571	101.4341	21756188224.00
1094	3.6817	69.6364	-21866199152.00
1095	3.1792	75.7352	22111266624.00
1096	3.3286	71.403	-22158410656.00
1097	3.4382	101.489	22388041424.00
1098	3.3745	69.6046	22426046320.00
1099	3.3867	69.5826	-22579353216.00
1100	4.0223	74.4153	22653129416.00
1101	3.8275	69.1686	22775796208.00
1102	3.8826	67.6204	23107616048.00
1103	3.9114	69.3121	23108327776.00
1104	3.6312	71.478	-24183832528.00
1105	3.4203	69.6017	-24203038720.00
1106	3.3795	74.1684	24375554544.00
1107	3.1538	75.7391	-24403059600.00
1108	3.9213	98.057	-24927544192.00
1109	3.6498	98.0397	25068897216.00
1110	3.3195	71.3928	26425519920.00
1111	3.9623	98.0613	26462810576.00
1112	4.0433	74.4526	-27254736752.00
1113	3.7982	69.1534	-27399331232.00
1114	3.9265	67.603	-27521482336.00
1115	3.8932	67.5735	27547578928.00
1116	3.6997	63.8808	-27673694560.00
1117	4.0293	74.4508	28038084864.00
1118	3.7347	69.6918	28934539648.00
1119	3.6398	67.6863	28967778176.00
1120	3.7916	69.38	29219660064.00
1121	3.3257	75.8943	-29350498496.00
1122	3.2983	75.8952	29967507808.00
1123	3.6566	98.0572	-30033107984.00
1124	3.7865	67.6149	30106517056.00
1125	3.7223	63.8968	-30177701824.00
1126	4.007	74.4654	-30213167680.00
1127	3.4064	74.1614	-30415328112.00
1128	3.5281	101.4892	31138915552.00
1129	3.5697	104.4322	31283325600.00
1130	3.6928	63.9003	31310458432.00
1131	3.8749	67.6256	-31393321792.00
1132	3.4972	101.4467	-32508126560.00
1133	3.448	75.3934	-34433612032.00
1134	3.9047	67.558	-34532596208.00
1135	3.3059	75.8973	-34869676640.00
1136	3.4713	67.5985	-35032729664.00
1137	3.3443	75.8679	-36061101536.00
1138	3.8012	67.5802	-36351052992.00
1139	3.9542	98.0601	-37812900224.00
1140	3.3332	75.8386	37981507328.00
1141	3.4998	67.5793	-38155573344.00
1142	3.8368	67.5704	-38525830336.00
1143	4.0259	62.4443	38828062208.00
1144	3.4472	101.4897	-39723224480.00
1145	3.2868	75.8721	-41237227024.00
1146	3.4725	98.0618	-43598736416.00
1147	3.4065	69.582	-45041143648.00
1148	3.3936	69.5964	45366271008.00
1149	3.5911	98.0519	-45764300560.00
1150	3.4853	67.5636	-46393616768.00
1151	3.8146	67.5991	-48827090624.00
1152	3.8298	67.5581	51842398592.00
1153	3.7216	69.484	-53710484272.00
1154	3.3147	75.8705	56389997248.00
1155	3.9628	69.2584	58083336832.00
1156	3.5006	98.0577	-61120997184.00
1157	3.5923	69.4185	-65194157776.00
1158	3.4568	67.5655	-65841663040.00
1159	3.7268	69.7046	-66441190272.00
1160	3.7121	69.6717	69973129152.00
1161	3.9307	69.2155	73602251136.00
1162	3.6905	69.6545	76532974912.00
1163	3.8078	67.56	79477527488.00
1164	3.705	69.6862	-80136655808.00
1165	3.4832	98.0661	-86141961344.00
1166	3.9534	69.2367	-88193551264.00
1167	3.4925	67.5632	89998564928.00
1168	3.624	98.0458	-92567749792.00
1169	3.6085	69.4487	95038185968.00
1170	3.64	69.4067	99513420544.00
1171	3.611	98.0505	100717241024.00
1172	3.9214	69.2375	101119530240.00
1173	3.4641	67.5671	104426587392.00
1174	3.455	98.0586	-108529351296.00
1175	3.6247	69.5328	-122585622336.00
1176	3.6397	98.0625	132412217344.00
1177	3.4923	98.0646	138064923136.00
1178	3.4641	98.0646	156415295360.00
